{
  "images" : [
    {
      "filename" : "스크린샷 2021-08-01 오후 1.37.20.png",
      "idiom" : "universal",
      "scale" : "1x"
    },
    {
      "filename" : "스크린샷 2021-08-01 오후 1.37.20-1.png",
      "idiom" : "universal",
      "scale" : "2x"
    },
    {
      "filename" : "스크린샷 2021-08-01 오후 1.37.20-2.png",
      "idiom" : "universal",
      "scale" : "3x"
    }
  ],
  "info" : {
    "author" : "xcode",
    "version" : 1
  }
}
