{
  "images" : [
    {
      "filename" : "스크린샷 2021-08-03 오후 4.37.50.png",
      "idiom" : "universal",
      "scale" : "1x"
    },
    {
      "filename" : "스크린샷 2021-08-03 오후 4.37.50-1.png",
      "idiom" : "universal",
      "scale" : "2x"
    },
    {
      "filename" : "스크린샷 2021-08-03 오후 4.37.50-2.png",
      "idiom" : "universal",
      "scale" : "3x"
    }
  ],
  "info" : {
    "author" : "xcode",
    "version" : 1
  }
}
